{
  "params": {
    "poison_type": "feature_noise",
    "poison_frac": 0.05,
    "max_depth": 3
  },
  "val_accuracy": 0.9777777777777777,
  "val_f1_macro": 0.9777530589543938,
  "train_time_sec": 0.004578590393066406,
  "confusion_matrix": [
    [
      15,
      0,
      0
    ],
    [
      0,
      14,
      1
    ],
    [
      0,
      0,
      15
    ]
  ]
}