{
  "params": {
    "poison_type": "label_flip",
    "poison_frac": 0.5,
    "max_depth": 3
  },
  "val_accuracy": 0.7777777777777778,
  "val_f1_macro": 0.7722832722832723,
  "train_time_sec": 0.003920555114746094,
  "confusion_matrix": [
    [
      15,
      0,
      0
    ],
    [
      4,
      10,
      1
    ],
    [
      2,
      3,
      10
    ]
  ]
}