{
  "params": {
    "poison_type": "feature_noise",
    "poison_frac": 0.5,
    "max_depth": 3
  },
  "val_accuracy": 0.9333333333333333,
  "val_f1_macro": 0.9326599326599326,
  "train_time_sec": 0.0027458667755126953,
  "confusion_matrix": [
    [
      15,
      0,
      0
    ],
    [
      0,
      15,
      0
    ],
    [
      0,
      3,
      12
    ]
  ]
}