{
  "params": {
    "poison_type": "feature_noise",
    "poison_frac": 0.1,
    "max_depth": 3
  },
  "val_accuracy": 0.9555555555555556,
  "val_f1_macro": 0.9555555555555556,
  "train_time_sec": 0.0025184154510498047,
  "confusion_matrix": [
    [
      15,
      0,
      0
    ],
    [
      0,
      14,
      1
    ],
    [
      0,
      1,
      14
    ]
  ]
}